epoch,step,train/cardinality_error,train/cardinality_error_0,train/cardinality_error_1,train/cardinality_error_2,train/cardinality_error_enc,train/class_error,train/loss,train/loss_bbox,train/loss_bbox_0,train/loss_bbox_1,train/loss_bbox_2,train/loss_bbox_enc,train/loss_ce,train/loss_ce_0,train/loss_ce_1,train/loss_ce_2,train/loss_ce_enc,train/loss_giou,train/loss_giou_0,train/loss_giou_1,train/loss_giou_2,train/loss_giou_enc,train/lr,train/lr_max,train/lr_min,val/AP/B1,val/AP/B2,val/AP/B3,val/AP/B4,val/F1,val/cardinality_error,val/cardinality_error_0,val/cardinality_error_1,val/cardinality_error_2,val/cardinality_error_enc,val/class_error,val/ema_mAP_50,val/ema_mAP_50_95,val/ema_mAR,val/loss,val/loss_bbox,val/loss_bbox_0,val/loss_bbox_1,val/loss_bbox_2,val/loss_bbox_enc,val/loss_ce,val/loss_ce_0,val/loss_ce_1,val/loss_ce_2,val/loss_ce_enc,val/loss_giou,val/loss_giou_0,val/loss_giou_1,val/loss_giou_2,val/loss_giou_enc,val/mAP_50,val/mAP_50_95,val/mAP_75,val/mAR,val/precision,val/recall
0,49,,,,,,,,,,,,,,,,,,,,,,,1.512345716037089e-05,1.512345716037089e-05,4.888754574494669e-07,,,,,,,,,,,,,,,,,,,,,,,,,,,,,,,,,,,,
0,99,,,,,,,,,,,,,,,,,,,,,,,3.055555498576723e-05,3.055555498576723e-05,9.877279580905451e-07,,,,,,,,,,,,,,,,,,,,,,,,,,,,,,,,,,,,
0,149,,,,,,,,,,,,,,,,,,,,,,,4.598765372065827e-05,4.598765372065827e-05,1.4865804587316234e-06,,,,,,,,,,,,,,,,,,,,,,,,,,,,,,,,,,,,
0,199,,,,,,,,,,,,,,,,,,,,,,,6.141975609352812e-05,6.141975609352812e-05,1.985432845685864e-06,,,,,,,,,,,,,,,,,,,,,,,,,,,,,,,,,,,,
0,249,,,,,,,,,,,,,,,,,,,,,,,7.685185119044036e-05,7.685185119044036e-05,2.48428546001378e-06,,,,,,,,,,,,,,,,,,,,,,,,,,,,,,,,,,,,
0,299,,,,,,,,,,,,,,,,,,,,,,,9.22839535633102e-05,9.22839535633102e-05,2.9831378469680203e-06,,,,,,,,,,,,,,,,,,,,,,,,,,,,,,,,,,,,
0,323,,,,,,,,,,,,,,,,,,,,,,,,,,0.29593902826309204,0.15679536759853363,0.21279765665531158,0.11435223370790482,0.5137465596199036,296.695556640625,296.695556640625,296.695556640625,296.69183349609375,296.695556640625,37.983306884765625,0.4660927355289459,0.1981605738401413,0.5387409329414368,9.392105102539062,0.05592014640569687,0.059518057852983475,0.058200109750032425,0.05693565681576729,0.061397213488817215,0.9241772890090942,0.9240050315856934,0.9161203503608704,0.9161803126335144,0.9312719702720642,0.3238728642463684,0.33434581756591797,0.33119627833366394,0.32673677802085876,0.3440946340560913,0.4661051332950592,0.19497106969356537,0.1245102807879448,0.5293652415275574,0.49139276146888733,0.5556614398956299
0,323,3891.75,3893.785400390625,3886.837158203125,3890.980712890625,3894.62890625,49.907630920410156,10.264032363891602,0.06785053759813309,0.07145845890045166,0.0702134445309639,0.06816063076257706,0.07277636975049973,0.9609373211860657,0.9705908298492432,0.9578875303268433,0.9614808559417725,0.9635550379753113,0.3632764518260956,0.3725760579109192,0.37035900354385376,0.36497029662132263,0.3774580657482147,,,,,,,,,,,,,,,,,,,,,,,,,,,,,,,,,,,,,,,
1,349,,,,,,,,,,,,,,,,,,,,,,,9.999958274420351e-05,9.999958274420351e-05,3.2325506253982894e-06,,,,,,,,,,,,,,,,,,,,,,,,,,,,,,,,,,,,
1,399,,,,,,,,,,,,,,,,,,,,,,,9.99962430796586e-05,9.99962430796586e-05,3.232442622902454e-06,,,,,,,,,,,,,,,,,,,,,,,,,,,,,,,,,,,,
1,449,,,,,,,,,,,,,,,,,,,,,,,9.998955647461116e-05,9.998955647461116e-05,3.232226617910783e-06,,,,,,,,,,,,,,,,,,,,,,,,,,,,,,,,,,,,
1,499,,,,,,,,,,,,,,,,,,,,,,,9.997953020501882e-05,9.997953020501882e-05,3.2319023830496008e-06,,,,,,,,,,,,,,,,,,,,,,,,,,,,,,,,,,,,
1,549,,,,,,,,,,,,,,,,,,,,,,,9.996616427088156e-05,9.996616427088156e-05,3.2314703730662586e-06,,,,,,,,,,,,,,,,,,,,,,,,,,,,,,,,,,,,
1,599,,,,,,,,,,,,,,,,,,,,,,,9.99494586721994e-05,9.99494586721994e-05,3.230930360587081e-06,,,,,,,,,,,,,,,,,,,,,,,,,,,,,,,,,,,,
1,647,,,,,,,,,,,,,,,,,,,,,,,,,,0.31220772862434387,0.1841246336698532,0.2281314879655838,0.13408659398555756,0.5309232473373413,296.695556640625,296.65716552734375,296.6051940917969,296.6163330078125,296.695556640625,34.557456970214844,0.532625138759613,0.22847352921962738,0.5221102833747864,9.262694358825684,0.05578067898750305,0.05871032178401947,0.057635948061943054,0.05732021853327751,0.06117815896868706,0.9111739993095398,0.9120155572891235,0.8981236219406128,0.901174783706665,0.9013324975967407,0.3200293183326721,0.32976675033569336,0.3257589340209961,0.32543087005615234,0.3418884575366974,0.515261173248291,0.2146376073360443,0.13526704907417297,0.5219935178756714,0.4652286171913147,0.6249274015426636
1,647,3896.5478515625,3895.868408203125,3896.1396484375,3896.30322265625,3896.466796875,33.7963981628418,9.000446319580078,0.05256727710366249,0.0543355830013752,0.05375669524073601,0.053118910640478134,0.05696753039956093,0.9004469513893127,0.914434552192688,0.8989395499229431,0.89900141954422,0.9104724526405334,0.30700400471687317,0.31130316853523254,0.3106015920639038,0.308603972196579,0.32419660687446594,,,,,,,,,,,,,,,,,,,,,,,,,,,,,,,,,,,,,,,
2,649,,,,,,,,,,,,,,,,,,,,,,,9.992941340897232e-05,9.992941340897232e-05,3.2302823456120677e-06,,,,,,,,,,,,,,,,,,,,,,,,,,,,,,,,,,,,
2,699,,,,,,,,,,,,,,,,,,,,,,,9.990602848120034e-05,9.990602848120034e-05,3.229526328141219e-06,,,,,,,,,,,,,,,,,,,,,,,,,,,,,,,,,,,,
2,749,,,,,,,,,,,,,,,,,,,,,,,9.987930388888344e-05,9.987930388888344e-05,3.2286627629218856e-06,,,,,,,,,,,,,,,,,,,,,,,,,,,,,,,,,,,,
2,799,,,,,,,,,,,,,,,,,,,,,,,9.984925418393686e-05,9.984925418393686e-05,3.2276911952067167e-06,,,,,,,,,,,,,,,,,,,,,,,,,,,,,,,,,,,,
2,849,,,,,,,,,,,,,,,,,,,,,,,9.981586481444538e-05,9.981586481444538e-05,3.226612079743063e-06,,,,,,,,,,,,,,,,,,,,,,,,,,,,,,,,,,,,
2,899,,,,,,,,,,,,,,,,,,,,,,,9.977915033232421e-05,9.977915033232421e-05,3.2254251891572494e-06,,,,,,,,,,,,,,,,,,,,,,,,,,,,,,,,,,,,
2,949,,,,,,,,,,,,,,,,,,,,,,,9.973911073757336e-05,9.973911073757336e-05,3.224130750822951e-06,,,,,,,,,,,,,,,,,,,,,,,,,,,,,,,,,,,,
2,971,,,,,,,,,,,,,,,,,,,,,,,,,,0.33740827441215515,0.1861773580312729,0.22451217472553253,0.13656063377857208,0.5470783114433289,296.695556640625,296.69183349609375,296.6435546875,296.6856384277344,296.695556640625,32.6191520690918,0.5561053156852722,0.23810718953609467,0.5303647518157959,9.10363483428955,0.054865941405296326,0.057507697492837906,0.05709417909383774,0.05675993859767914,0.059690892696380615,0.889451801776886,0.8838884830474854,0.8759124279022217,0.8785071969032288,0.8780959248542786,0.32117506861686707,0.3257044553756714,0.32621660828590393,0.3264334797859192,0.33456289768218994,0.5309494733810425,0.22116461396217346,0.13162703812122345,0.516143262386322,0.503426730632782,0.6169751882553101
2,971,3896.5400390625,3895.871826171875,3895.2421875,3896.030029296875,3896.532470703125,30.543020248413086,8.818968772888184,0.05120101571083069,0.05306190252304077,0.05258411914110184,0.051789313554763794,0.0561840683221817,0.8866698741912842,0.8936968445777893,0.8810926079750061,0.883834719657898,0.888678252696991,0.29926809668540955,0.3054763078689575,0.3046778440475464,0.3014753460884094,0.3195509612560272,,,,,,,,,,,,,,,,,,,,,,,,,,,,,,,,,,,,,,,
3,999,,,,,,,,,,,,,,,,,,,,,,,9.969573875423521e-05,9.969573875423521e-05,3.222728764740168e-06,,,,,,,,,,,,,,,,,,,,,,,,,,,,,,,,,,,,
3,1049,,,,,,,,,,,,,,,,,,,,,,,9.964904893422499e-05,9.964904893422499e-05,3.221219458282576e-06,,,,,,,,,,,,,,,,,,,,,,,,,,,,,,,,,,,,
3,1099,,,,,,,,,,,,,,,,,,,,,,,9.959904127754271e-05,9.959904127754271e-05,3.21960305882385e-06,,,,,,,,,,,,,,,,,,,,,,,,,,,,,,,,,,,,
3,1149,,,,,,,,,,,,,,,,,,,,,,,9.954572306014597e-05,9.954572306014597e-05,3.217879338990315e-06,,,,,,,,,,,,,,,,,,,,,,,,,,,,,,,,,,,,
3,1199,,,,,,,,,,,,,,,,,,,,,,,9.948908700607717e-05,9.948908700607717e-05,3.216048526155646e-06,,,,,,,,,,,,,,,,,,,,,,,,,,,,,,,,,,,,
3,1249,,,,,,,,,,,,,,,,,,,,,,,9.942914039129391e-05,9.942914039129391e-05,3.2141108476935187e-06,,,,,,,,,,,,,,,,,,,,,,,,,,,,,,,,,,,,
3,1295,,,,,,,,,,,,,,,,,,,,,,,,,,0.3360343277454376,0.2057557851076126,0.23347866535186768,0.13476474583148956,0.5592675805091858,296.695556640625,296.6435546875,296.3551940917969,296.3898620605469,296.695556640625,30.756473541259766,0.5693208575248718,0.24249379336833954,0.5220826864242554,8.974859237670898,0.05441978573799133,0.05561389401555061,0.056046515703201294,0.054361991584300995,0.05831869691610336,0.8729897737503052,0.8844327926635742,0.8639625906944275,0.8726587295532227,0.8779321908950806,0.31557103991508484,0.3192295432090759,0.3225025534629822,0.31532564759254456,0.33190932869911194,0.5384320616722107,0.22750838100910187,0.15331818163394928,0.5269687175750732,0.5398885607719421,0.5833766460418701
3,1295,3896.53271484375,3894.82666015625,3892.83251953125,3891.807861328125,3896.533447265625,29.705398559570312,8.765296936035156,0.05204405635595322,0.05357293039560318,0.05301385372877121,0.052549704909324646,0.05613512545824051,0.8710042834281921,0.8807618618011475,0.8678668737411499,0.8691073060035706,0.8793320655822754,0.3009781837463379,0.30527251958847046,0.30424320697784424,0.3028123080730438,0.3170150816440582,,,,,,,,,,,,,,,,,,,,,,,,,,,,,,,,,,,,,,,
4,1299,,,,,,,,,,,,,,,,,,,,,,,9.936589776771143e-05,9.936589776771143e-05,3.212066303603933e-06,,,,,,,,,,,,,,,,,,,,,,,,,,,,,,,,,,,,
4,1349,,,,,,,,,,,,,,,,,,,,,,,9.929935185937211e-05,9.929935185937211e-05,3.2099151212605648e-06,,,,,,,,,,,,,,,,,,,,,,,,,,,,,,,,,,,,
4,1399,,,,,,,,,,,,,,,,,,,,,,,9.922950994223356e-05,9.922950994223356e-05,3.207657528037089e-06,,,,,,,,,,,,,,,,,,,,,,,,,,,,,,,,,,,,
4,1449,,,,,,,,,,,,,,,,,,,,,,,9.91563792922534e-05,9.91563792922534e-05,3.2052935239335056e-06,,,,,,,,,,,,,,,,,,,,,,,,,,,,,,,,,,,,
4,1499,,,,,,,,,,,,,,,,,,,,,,,9.907995990943164e-05,9.907995990943164e-05,3.2028233363234904e-06,,,,,,,,,,,,,,,,,,,,,,,,,,,,,,,,,,,,
4,1549,,,,,,,,,,,,,,,,,,,,,,,9.900026634568349e-05,9.900026634568349e-05,3.200246965207043e-06,,,,,,,,,,,,,,,,,,,,,,,,,,,,,,,,,,,,
4,1599,,,,,,,,,,,,,,,,,,,,,,,9.891729132505134e-05,9.891729132505134e-05,3.1975648653315147e-06,,,,,,,,,,,,,,,,,,,,,,,,,,,,,,,,,,,,
4,1619,,,,,,,,,,,,,,,,,,,,,,,,,,0.3319037854671478,0.21211104094982147,0.24825617671012878,0.14281171560287476,0.5665958523750305,296.695556640625,296.695556640625,296.6398620605469,296.660888671875,296.695556640625,29.619503021240234,0.5708448886871338,0.24285286664962769,0.5250941514968872,8.971670150756836,0.05375905707478523,0.056662362068891525,0.055009085685014725,0.053660694509744644,0.059184059500694275,0.8737635612487793,0.8796464800834656,0.8672140836715698,0.8739596009254456,0.8779299855232239,0.31408724188804626,0.32344964146614075,0.31868207454681396,0.31364697217941284,0.3340235650539398,0.5529935359954834,0.2337706834077835,0.14785851538181305,0.508516252040863,0.5158235430717468,0.6376844644546509
4,1619,3896.530029296875,3895.5234375,3894.6103515625,3893.75390625,3896.53076171875,28.23212432861328,8.68996524810791,0.051255784928798676,0.052803706377744675,0.05210579186677933,0.0515601709485054,0.05575835332274437,0.8656998872756958,0.876101016998291,0.8640387058258057,0.8646963834762573,0.8769765496253967,0.2969508767127991,0.3018132150173187,0.30027344822883606,0.29791736602783203,0.3155639171600342,,,,,,,,,,,,,,,,,,,,,,,,,,,,,,,,,,,,,,,
5,1649,,,,,,,,,,,,,,,,,,,,,,,9.883104939945042e-05,9.883104939945042e-05,3.1947770366969053e-06,,,,,,,,,,,,,,,,,,,,,,,,,,,,,,,,,,,,
5,1699,,,,,,,,,,,,,,,,,,,,,,,9.874154784483835e-05,9.874154784483835e-05,3.1918839340505656e-06,,,,,,,,,,,,,,,,,,,,,,,,,,,,,,,,,,,,
5,1749,,,,,,,,,,,,,,,,,,,,,,,9.864878666121513e-05,9.864878666121513e-05,3.1888853300188202e-06,,,,,,,,,,,,,,,,,,,,,,,,,,,,,,,,,,,,
5,1799,,,,,,,,,,,,,,,,,,,,,,,9.855277312453836e-05,9.855277312453836e-05,3.18578167934902e-06,,,,,,,,,,,,,,,,,,,,,,,,,,,,,,,,,,,,
5,1849,,,,,,,,,,,,,,,,,,,,,,,9.845351451076567e-05,9.845351451076567e-05,3.1825729820411652e-06,,,,,,,,,,,,,,,,,,,,,,,,,,,,,,,,,,,,
5,1899,,,,,,,,,,,,,,,,,,,,,,,9.835101809585467e-05,9.835101809585467e-05,3.1792596928426065e-06,,,,,,,,,,,,,,,,,,,,,,,,,,,,,,,,,,,,
5,1943,,,,,,,,,,,,,,,,,,,,,,,,,,0.3476904630661011,0.21586817502975464,0.2473207712173462,0.14993342757225037,0.5751683115959167,296.232666015625,296.5816955566406,296.4628601074219,296.0730285644531,296.695556640625,28.647262573242188,0.5848032236099243,0.24815425276756287,0.5242847800254822,8.938572883605957,0.05593676120042801,0.056734759360551834,0.055683888494968414,0.056041207164525986,0.05953139439225197,0.8564178347587585,0.8659430146217346,0.8574376702308655,0.8556747436523438,0.8631450533866882,0.3174269199371338,0.3207090497016907,0.3184291422367096,0.31844621896743774,0.33514541387557983,0.5721529126167297,0.24020320177078247,0.14655965566635132,0.5181975960731506,0.5357053279876709,0.6348455548286438
5,1943,3896.283935546875,3893.323974609375,3893.692626953125,3892.467529296875,3896.56396484375,27.424699783325195,8.606424331665039,0.050447091460227966,0.05187241733074188,0.05128391832113266,0.050772372633218765,0.05524376779794693,0.860665500164032,0.8676896095275879,0.858276903629303,0.8597326278686523,0.8643727898597717,0.2940210998058319,0.29885798692703247,0.297147661447525,0.2950490415096283,0.31371960043907166,,,,,,,,,,,,,,,,,,,,,,,,,,,,,,,,,,,,,,,
6,1949,,,,,,,,,,,,,,,,,,,,,,,9.824529115576297e-05,9.824529115576297e-05,3.1758420391270192e-06,,,,,,,,,,,,,,,,,,,,,,,,,,,,,,,,,,,,
6,1999,,,,,,,,,,,,,,,,,,,,,,,9.813634096644819e-05,9.813634096644819e-05,3.172320248268079e-06,,,,,,,,,,,,,,,,,,,,,,,,,,,,,,,,,,,,
6,2049,,,,,,,,,,,,,,,,,,,,,,,9.802417480386794e-05,9.802417480386794e-05,3.168694320265786e-06,,,,,,,,,,,,,,,,,,,,,,,,,,,,,,,,,,,,
6,2099,,,,,,,,,,,,,,,,,,,,,,,9.790879994397983e-05,9.790879994397983e-05,3.1649647098674905e-06,,,,,,,,,,,,,,,,,,,,,,,,,,,,,,,,,,,,
6,2149,,,,,,,,,,,,,,,,,,,,,,,9.779022366274148e-05,9.779022366274148e-05,3.1611316444468684e-06,,,,,,,,,,,,,,,,,,,,,,,,,,,,,,,,,,,,
6,2199,,,,,,,,,,,,,,,,,,,,,,,9.766845323611051e-05,9.766845323611051e-05,3.1571953513775952e-06,,,,,,,,,,,,,,,,,,,,,,,,,,,,,,,,,,,,
6,2249,,,,,,,,,,,,,,,,,,,,,,,9.754349594004452e-05,9.754349594004452e-05,3.1531562854070216e-06,,,,,,,,,,,,,,,,,,,,,,,,,,,,,,,,,,,,
6,2267,,,,,,,,,,,,,,,,,,,,,,,,,,0.32344380021095276,0.2040991485118866,0.24643591046333313,0.15808570384979248,0.5795167088508606,296.5024719238281,296.5643615722656,296.1546936035156,296.160888671875,296.695556640625,27.751367568969727,0.5885663628578186,0.25036364793777466,0.52432781457901,8.9601469039917,0.054368067532777786,0.05547748878598213,0.054574280977249146,0.05419600009918213,0.057562582194805145,0.8739309906959534,0.8807003498077393,0.8731874227523804,0.8751243948936462,0.871191143989563,0.31833645701408386,0.31876489520072937,0.3172498345375061,0.31719133257865906,0.3310183882713318,0.5704697370529175,0.23301614820957184,0.13977459073066711,0.5117642879486084,0.5485460758209229,0.6193327307701111
6,2267,3894.85888671875,3890.33251953125,3885.931396484375,3889.67041015625,3896.52783203125,26.301742553710938,8.548541069030762,0.05016717314720154,0.05127764493227005,0.05101249739527702,0.050462234765291214,0.05422264337539673,0.8536297678947449,0.8628944158554077,0.8516812920570374,0.8532161116600037,0.8606324195861816,0.2934192419052124,0.29659658670425415,0.29602864384651184,0.29419469833374023,0.3101516366004944,,,,,,,,,,,,,,,,,,,,,,,,,,,,,,,,,,,,,,,
7,2299,,,,,,,,,,,,,,,,,,,,,,,9.741536632645875e-05,9.741536632645875e-05,3.1490142191614723e-06,,,,,,,,,,,,,,,,,,,,,,,,,,,,,,,,,,,,
7,2349,,,,,,,,,,,,,,,,,,,,,,,9.72840643953532e-05,9.72840643953532e-05,3.1447698347619735e-06,,,,,,,,,,,,,,,,,,,,,,,,,,,,,,,,,,,,
7,2399,,,,,,,,,,,,,,,,,,,,,,,9.71496119746007e-05,9.71496119746007e-05,3.140423586955876e-06,,,,,,,,,,,,,,,,,,,,,,,,,,,,,,,,,,,,
7,2449,,,,,,,,,,,,,,,,,,,,,,,9.701200178824365e-05,9.701200178824365e-05,3.1359752483695047e-06,,,,,,,,,,,,,,,,,,,,,,,,,,,,,,,,,,,,
7,2499,,,,,,,,,,,,,,,,,,,,,,,9.687125566415489e-05,9.687125566415489e-05,3.1314255011238856e-06,,,,,,,,,,,,,,,,,,,,,,,,,,,,,,,,,,,,
7,2549,,,,,,,,,,,,,,,,,,,,,,,9.672737360233441e-05,9.672737360233441e-05,3.126774345219019e-06,,,,,,,,,,,,,,,,,,,,,,,,,,,,,,,,,,,,
7,2591,,,,,,,,,,,,,,,,,,,,,,,,,,0.3470868766307831,0.23244710266590118,0.25313717126846313,0.15611916780471802,0.5850409269332886,294.9566955566406,296.57550048828125,293.0791931152344,295.36260986328125,296.695556640625,26.529830932617188,0.5884367227554321,0.25105172395706177,0.5219167470932007,8.820289611816406,0.05429014191031456,0.05616288632154465,0.0547112300992012,0.0545087568461895,0.057799916714429855,0.8506320714950562,0.8553418517112732,0.8519870042800903,0.8495944142341614,0.8515819907188416,0.31342601776123047,0.319403737783432,0.31438061594963074,0.31407469511032104,0.3256102502346039,0.5829892158508301,0.24719758331775665,0.15533816814422607,0.5147194862365723,0.5858114957809448,0.6003281474113464
7,2591,3891.82177734375,3893.09326171875,3879.97998046875,3883.5791015625,3896.537841796875,25.342920303344727,8.492936134338379,0.04993434622883797,0.05110347270965576,0.05071999132633209,0.05019542947411537,0.053925856947898865,0.8486292362213135,0.8569827675819397,0.8470202684402466,0.8482649326324463,0.8544817566871643,0.2908545136451721,0.2949739694595337,0.29374930262565613,0.29174840450286865,0.30775365233421326,,,,,,,,,,,,,,,,,,,,,,,,,,,,,,,,,,,,,,,
8,2599,,,,,,,,,,,,,,,,,,,,,,,9.658037015469745e-05,9.658037015469745e-05,3.1220224627759308e-06,,,,,,,,,,,,,,,,,,,,,,,,,,,,,,,,,,,,
8,2649,,,,,,,,,,,,,,,,,,,,,,,9.643025987315923e-05,9.643025987315923e-05,3.1171700811682967e-06,,,,,,,,,,,,,,,,,,,,,,,,,,,,,,,,,,,,
8,2699,,,,,,,,,,,,,,,,,,,,,,,9.627705003367737e-05,9.627705003367737e-05,3.1122174277697923e-06,,,,,,,,,,,,,,,,,,,,,,,,,,,,,,,,,,,,
8,2749,,,,,,,,,,,,,,,,,,,,,,,9.612074063625187e-05,9.612074063625187e-05,3.1071647299540928e-06,,,,,,,,,,,,,,,,,,,,,,,,,,,,,,,,,,,,
8,2799,,,,,,,,,,,,,,,,,,,,,,,9.596136078471318e-05,9.596136078471318e-05,3.102012442468549e-06,,,,,,,,,,,,,,,,,,,,,,,,,,,,,,,,,,,,
8,2849,,,,,,,,,,,,,,,,,,,,,,,9.579890320310369e-05,9.579890320310369e-05,3.0967610200605122e-06,,,,,,,,,,,,,,,,,,,,,,,,,,,,,,,,,,,,
8,2899,,,,,,,,,,,,,,,,,,,,,,,9.563338971929625e-05,9.563338971929625e-05,3.0914106901036575e-06,,,,,,,,,,,,,,,,,,,,,,,,,,,,,,,,,,,,
8,2915,,,,,,,,,,,,,,,,,,,,,,,,,,0.33766722679138184,0.20754092931747437,0.2438756376504898,0.13636307418346405,0.5670253038406372,296.0210266113281,296.5260009765625,294.08416748046875,295.5829162597656,296.695556640625,27.65862464904785,0.5918477177619934,0.25003787875175476,0.5120003819465637,8.995234489440918,0.056263480335474014,0.057307999581098557,0.056588757783174515,0.056343693286180496,0.059252433478832245,0.8546290397644043,0.8579118847846985,0.8559278845787048,0.8543932437896729,0.8600004315376282,0.32529178261756897,0.32842394709587097,0.32543709874153137,0.3260349631309509,0.3366066813468933,0.5674554109573364,0.23136171698570251,0.13994552195072174,0.4937818646430969,0.5551163554191589,0.5881903767585754
8,2915,3892.443603515625,3892.458251953125,3875.33056640625,3882.03076171875,3896.52783203125,24.77586555480957,8.413651466369629,0.049609195441007614,0.050507593899965286,0.05016132816672325,0.049815673381090164,0.05309959128499031,0.8351049423217773,0.8467639684677124,0.8351924419403076,0.8347117900848389,0.8449409604072571,0.29149284958839417,0.29349520802497864,0.2930666208267212,0.2920754849910736,0.3053569495677948,,,,,,,,,,,,,,,,,,,,,,,,,,,,,,,,,,,,,,,
9,2949,,,,,,,,,,,,,,,,,,,,,,,9.546482760924846e-05,9.546482760924846e-05,3.085961907345336e-06,,,,,,,,,,,,,,,,,,,,,,,,,,,,,,,,,,,,
9,2999,,,,,,,,,,,,,,,,,,,,,,,9.529323142487556e-05,9.529323142487556e-05,3.080414899159223e-06,,,,,,,,,,,,,,,,,,,,,,,,,,,,,,,,,,,,
9,3049,,,,,,,,,,,,,,,,,,,,,,,9.511860844213516e-05,9.511860844213516e-05,3.074770120292669e-06,,,,,,,,,,,,,,,,,,,,,,,,,,,,,,,,,,,,
9,3099,,,,,,,,,,,,,,,,,,,,,,,9.49409804889001e-05,9.49409804889001e-05,3.0690280254930258e-06,,,,,,,,,,,,,,,,,,,,,,,,,,,,,,,,,,,,
9,3149,,,,,,,,,,,,,,,,,,,,,,,9.476034028921276e-05,9.476034028921276e-05,3.063188842133968e-06,,,,,,,,,,,,,,,,,,,,,,,,,,,,,,,,,,,,
9,3199,,,,,,,,,,,,,,,,,,,,,,,9.457671694690362e-05,9.457671694690362e-05,3.0572532523365226e-06,,,,,,,,,,,,,,,,,,,,,,,,,,,,,,,,,,,,
9,3239,,,,,,,,,,,,,,,,,,,,,,,,,,0.34796780347824097,0.21688279509544373,0.242669939994812,0.13791576027870178,0.5791427493095398,295.52227783203125,296.2698059082031,294.0445556640625,294.3279724121094,296.695556640625,27.094886779785156,0.5948434472084045,0.2524227201938629,0.5152735710144043,8.873722076416016,0.054203975945711136,0.056418150663375854,0.05544855445623398,0.055023010820150375,0.05805846303701401,0.854848325252533,0.8575639724731445,0.8486347794532776,0.8513196706771851,0.8526291251182556,0.3156239986419678,0.3232385218143463,0.3203766942024231,0.31883010268211365,0.328415185213089,0.5664103031158447,0.23635907471179962,0.15213219821453094,0.49962225556373596,0.5453662872314453,0.6192120909690857
9,3239,3881.82958984375,3891.13818359375,3856.430908203125,3873.065673828125,3896.52978515625,24.113548278808594,8.40215015411377,0.04960774630308151,0.05076833441853523,0.05046152323484421,0.049836765974760056,0.05360964313149452,0.8365585207939148,0.845367968082428,0.8334308862686157,0.8356595635414124,0.8457539081573486,0.2884383499622345,0.29211750626564026,0.2918662428855896,0.28935176134109497,0.3052035868167877,,,,,,,,,,,,,,,,,,,,,,,,,,,,,,,,,,,,,,,
10,3249,,,,,,,,,,,,,,,,,,,,,,,9.439011773793027e-05,9.439011773793027e-05,3.051221256100689e-06,,,,,,,,,,,,,,,,,,,,,,,,,,,,,,,,,,,,
10,3299,,,,,,,,,,,,,,,,,,,,,,,9.420055721420795e-05,9.420055721420795e-05,3.045093535547494e-06,,,,,,,,,,,,,,,,,,,,,,,,,,,,,,,,,,,,
10,3349,,,,,,,,,,,,,,,,,,,,,,,9.400804265169427e-05,9.400804265169427e-05,3.0388703180506127e-06,,,,,,,,,,,,,,,,,,,,,,,,,,,,,,,,,,,,
10,3399,,,,,,,,,,,,,,,,,,,,,,,9.381259587826207e-05,9.381259587826207e-05,3.0325522857310716e-06,,,,,,,,,,,,,,,,,,,,,,,,,,,,,,,,,,,,
10,3449,,,,,,,,,,,,,,,,,,,,,,,9.361421689391136e-05,9.361421689391136e-05,3.026139665962546e-06,,,,,,,,,,,,,,,,,,,,,,,,,,,,,,,,,,,,
10,3499,,,,,,,,,,,,,,,,,,,,,,,9.341292752651498e-05,9.341292752651498e-05,3.019632913492387e-06,,,,,,,,,,,,,,,,,,,,,,,,,,,,,,,,,,,,
10,3549,,,,,,,,,,,,,,,,,,,,,,,9.320874232798815e-05,9.320874232798815e-05,3.0130324830679456e-06,,,,,,,,,,,,,,,,,,,,,,,,,,,,,,,,,,,,
10,3563,,,,,,,,,,,,,,,,,,,,,,,,,,0.3486593961715698,0.2210206240415573,0.2404036670923233,0.14567537605762482,0.590229332447052,293.06805419921875,296.4752502441406,288.1695556640625,289.8651123046875,296.695556640625,27.03451156616211,0.592816174030304,0.24981316924095154,0.5099916458129883,8.8834867477417,0.05506579205393791,0.05649547651410103,0.056609805673360825,0.05528295040130615,0.05934892222285271,0.8497309684753418,0.856885552406311,0.8461642861366272,0.8485262989997864,0.8472276926040649,0.31807824969291687,0.32090896368026733,0.3220498859882355,0.31946462392807007,0.3299660384654999,0.5778301954269409,0.23893976211547852,0.14857451617717743,0.49650660157203674,0.568292498588562,0.6160513162612915
10,3563,3884.32177734375,3892.662841796875,3851.287109375,3863.739990234375,3896.552734375,24.050207138061523,8.333149909973145,0.048410702496767044,0.049972593784332275,0.04920852556824684,0.04877898097038269,0.05279757082462311,0.8350005745887756,0.842599630355835,0.8338484764099121,0.8336493372917175,0.8428404927253723,0.284659206867218,0.28931328654289246,0.2871594727039337,0.2857746183872223,0.3027823269367218,,,,,,,,,,,,,,,,,,,,,,,,,,,,,,,,,,,,,,,
11,3599,,,,,,,,,,,,,,,,,,,,,,,9.30016758502461e-05,9.30016758502461e-05,3.0063388294365723e-06,,,,,,,,,,,,,,,,,,,,,,,,,,,,,,,,,,,,
11,3649,,,,,,,,,,,,,,,,,,,,,,,9.279173536924645e-05,9.279173536924645e-05,2.999552407345618e-06,,,,,,,,,,,,,,,,,,,,,,,,,,,,,,,,,,,,
11,3699,,,,,,,,,,,,,,,,,,,,,,,9.257894271286204e-05,9.257894271286204e-05,2.9926738989161095e-06,,,,,,,,,,,,,,,,,,,,,,,,,,,,,,,,,,,,
11,3749,,,,,,,,,,,,,,,,,,,,,,,9.23633124330081e-05,9.23633124330081e-05,2.9857033041480463e-06,,,,,,,,,,,,,,,,,,,,,,,,,,,,,,,,,,,,
11,3799,,,,,,,,,,,,,,,,,,,,,,,9.214485180564225e-05,9.214485180564225e-05,2.978641305162455e-06,,,,,,,,,,,,,,,,,,,,,,,,,,,,,,,,,,,,
11,3849,,,,,,,,,,,,,,,,,,,,,,,9.19235753826797e-05,9.19235753826797e-05,2.9714885840803618e-06,,,,,,,,,,,,,,,,,,,,,,,,,,,,,,,,,,,,
11,3887,,,,,,,,,,,,,,,,,,,,,,,,,,0.325769305229187,0.2217971533536911,0.24434886872768402,0.14171889424324036,0.5753465890884399,293.69183349609375,296.6398620605469,285.66461181640625,289.4541931152344,296.695556640625,28.645004272460938,0.594946026802063,0.25005853176116943,0.5073164105415344,8.992227554321289,0.05592413991689682,0.057976655662059784,0.0567113421857357,0.05661100149154663,0.06169162318110466,0.8623351454734802,0.8689035773277283,0.8586117625236511,0.8620520234107971,0.8561662435531616,0.31918400526046753,0.32294073700904846,0.32081449031829834,0.3205636739730835,0.3362898528575897,0.5654021501541138,0.23340855538845062,0.13860468566417694,0.5023221969604492,0.5475407838821411,0.6216890811920166
11,3887,3863.8017578125,3894.501953125,3854.426025390625,3841.385009765625,3896.530517578125,22.90056037902832,8.255461692810059,0.04820946976542473,0.04916801303625107,0.048758432269096375,0.04840288683772087,0.052178263664245605,0.8258060216903687,0.8356763124465942,0.8255149722099304,0.8252553343772888,0.8348116278648376,0.28281262516975403,0.2864592969417572,0.2849632203578949,0.283425509929657,0.29974618554115295,,,,,,,,,,,,,,,,,,,,,,,,,,,,,,,,,,,,,,,
12,3899,,,,,,,,,,,,,,,,,,,,,,,9.169950499199331e-05,9.169950499199331e-05,2.964245368275442e-06,,,,,,,,,,,,,,,,,,,,,,,,,,,,,,,,,,,,
12,3949,,,,,,,,,,,,,,,,,,,,,,,9.14726551854983e-05,9.14726551854983e-05,2.956912112495047e-06,,,,,,,,,,,,,,,,,,,,,,,,,,,,,,,,,,,,
12,3999,,,,,,,,,,,,,,,,,,,,,,,9.124303323915228e-05,9.124303323915228e-05,2.9494894988602027e-06,,,,,,,,,,,,,,,,,,,,,,,,,,,,,,,,,,,,
12,4049,,,,,,,,,,,,,,,,,,,,,,,9.10106609808281e-05,9.10106609808281e-05,2.94197798211826e-06,,,,,,,,,,,,,,,,,,,,,,,,,,,,,,,,,,,,
12,4099,,,,,,,,,,,,,,,,,,,,,,,9.077556023839861e-05,9.077556023839861e-05,2.9343782443902455e-06,,,,,,,,,,,,,,,,,,,,,,,,,,,,,,,,,,,,
12,4149,,,,,,,,,,,,,,,,,,,,,,,9.05377310118638e-05,9.05377310118638e-05,2.926690285676159e-06,,,,,,,,,,,,,,,,,,,,,,,,,,,,,,,,,,,,
12,4199,,,,,,,,,,,,,,,,,,,,,,,9.029720240505412e-05,9.029720240505412e-05,2.918915015470702e-06,,,,,,,,,,,,,,,,,,,,,,,,,,,,,,,,,,,,
12,4211,,,,,,,,,,,,,,,,,,,,,,,,,,0.3288678526878357,0.22896185517311096,0.23978009819984436,0.14204072952270508,0.5739574432373047,282.1051940917969,296.482666015625,285.1683044433594,284.18194580078125,296.695556640625,26.230342864990234,0.596747100353241,0.2525649070739746,0.505790650844574,8.881979942321777,0.05524219200015068,0.05656083673238754,0.05597502738237381,0.05557452514767647,0.058811888098716736,0.8584219217300415,0.858332097530365,0.8540900945663452,0.8575071096420288,0.8576726913452148,0.3144170939922333,0.31969496607780457,0.3158620595932007,0.31580379605293274,0.3267897069454193,0.5686374306678772,0.23491263389587402,0.14071670174598694,0.5028242468833923,0.5604533553123474,0.5901413559913635
12,4211,3836.71923828125,3893.71826171875,3810.559326171875,3828.918701171875,3896.5400390625,22.370243072509766,8.224906921386719,0.04773956909775734,0.049069423228502274,0.048380762338638306,0.04799540713429451,0.05195433273911476,0.8237501382827759,0.8312035799026489,0.8238728642463684,0.823528528213501,0.8317517042160034,0.28181856870651245,0.2859625816345215,0.2838086783885956,0.2823866307735443,0.29857659339904785,,,,,,,,,,,,,,,,,,,,,,,,,,,,,,,,,,,,,,,
13,4249,,,,,,,,,,,,,,,,,,,,,,,9.005398896988481e-05,9.005398896988481e-05,2.911052888521226e-06,,,,,,,,,,,,,,,,,,,,,,,,,,,,,,,,,,,,
13,4299,,,,,,,,,,,,,,,,,,,,,,,8.98081052582711e-05,8.98081052582711e-05,2.903104586948757e-06,,,,,,,,,,,,,,,,,,,,,,,,,,,,,,,,,,,,
13,4349,,,,,,,,,,,,,,,,,,,,,,,8.95595658221282e-05,8.95595658221282e-05,2.8950703381269705e-06,,,,,,,,,,,,,,,,,,,,,,,,,,,,,,,,,,,,
13,4399,,,,,,,,,,,,,,,,,,,,,,,8.930838521337137e-05,8.930838521337137e-05,2.8869508241768926e-06,,,,,,,,,,,,,,,,,,,,,,,,,,,,,,,,,,,,
13,4449,,,,,,,,,,,,,,,,,,,,,,,8.905458525987342e-05,8.905458525987342e-05,2.87874672721955e-06,,,,,,,,,,,,,,,,,,,,,,,,,,,,,,,,,,,,
13,4499,,,,,,,,,,,,,,,,,,,,,,,8.879818778950721e-05,8.879818778950721e-05,2.870458274628618e-06,,,,,,,,,,,,,,,,,,,,,,,,,,,,,,,,,,,,
13,4535,,,,,,,,,,,,,,,,,,,,,,,,,,0.35701557993888855,0.2180289924144745,0.24702677130699158,0.13651058077812195,0.5777879357337952,290.37005615234375,296.33416748046875,283.4393615722656,283.8551940917969,296.695556640625,27.759262084960938,0.5959859490394592,0.25099655985832214,0.5047770142555237,8.886833190917969,0.05538078397512436,0.056204307824373245,0.055808261036872864,0.055761996656656265,0.05867472663521767,0.8501369953155518,0.860015869140625,0.849875271320343,0.8493338227272034,0.855747401714325,0.31861612200737,0.3199710249900818,0.31944540143013,0.3197774291038513,0.3284769654273987,0.5742768049240112,0.23964548110961914,0.147385373711586,0.4951056241989136,0.523341715335846,0.6466575860977173
13,4535,3802.807861328125,3891.908935546875,3810.226806640625,3807.649658203125,3896.53466796875,21.588102340698242,8.105064392089844,0.04702959582209587,0.04807279258966446,0.04771849885582924,0.04717336595058441,0.05070674046874046,0.8122239112854004,0.8205157518386841,0.8107039928436279,0.8122683167457581,0.8200795650482178,0.27776801586151123,0.28177276253700256,0.28068307042121887,0.2785402834415436,0.2941189408302307,,,,,,,,,,,,,,,,,,,,,,,,,,,,,,,,,,,,,,,
14,4549,,,,,,,,,,,,,,,,,,,,,,,8.853920007823035e-05,8.853920007823035e-05,2.862086375898798e-06,,,,,,,,,,,,,,,,,,,,,,,,,,,,,,,,,,,,
14,4599,,,,,,,,,,,,,,,,,,,,,,,8.827764395391569e-05,8.827764395391569e-05,2.8536314857774414e-06,,,,,,,,,,,,,,,,,,,,,,,,,,,,,,,,,,,,
14,4649,,,,,,,,,,,,,,,,,,,,,,,8.801353396847844e-05,8.801353396847844e-05,2.845094059011899e-06,,,,,,,,,,,,,,,,,,,,,,,,,,,,,,,,,,,,
14,4699,,,,,,,,,,,,,,,,,,,,,,,8.774689922574908e-05,8.774689922574908e-05,2.836474777723197e-06,,,,,,,,,,,,,,,,,,,,,,,,,,,,,,,,,,,,
14,4749,,,,,,,,,,,,,,,,,,,,,,,8.747773972572759e-05,8.747773972572759e-05,2.827774096658686e-06,,,,,,,,,,,,,,,,,,,,,,,,,,,,,,,,,,,,
14,4799,,,,,,,,,,,,,,,,,,,,,,,8.720609184820205e-05,8.720609184820205e-05,2.8189929253130686e-06,,,,,,,,,,,,,,,,,,,,,,,,,,,,,,,,,,,,
14,4849,,,,,,,,,,,,,,,,,,,,,,,8.693196286913007e-05,8.693196286913007e-05,2.8101314910600195e-06,,,,,,,,,,,,,,,,,,,,,,,,,,,,,,,,,,,,
14,4859,,,,,,,,,,,,,,,,,,,,,,,,,,0.34528979659080505,0.2247093766927719,0.24266566336154938,0.14629122614860535,0.5832825303077698,287.3514709472656,296.62005615234375,291.39727783203125,286.570556640625,296.695556640625,27.484312057495117,0.5907459259033203,0.2501751780509949,0.508449137210846,8.91584300994873,0.05760916694998741,0.057248082011938095,0.057321544736623764,0.05737174674868584,0.05944216623902321,0.8426399827003479,0.8542157411575317,0.8432483673095703,0.8400944471359253,0.8500266671180725,0.3225541412830353,0.32120588421821594,0.3221144378185272,0.3225959539413452,0.3318554759025574,0.5791290402412415,0.23973901569843292,0.143528014421463,0.5002063512802124,0.5782505869865417,0.5920994877815247
14,4859,3811.535400390625,3892.135009765625,3841.745849609375,3791.567138671875,3896.551025390625,21.073564529418945,8.111980438232422,0.04771468788385391,0.04888859763741493,0.04846746101975441,0.048030342906713486,0.0517357774078846,0.8072521090507507,0.8161252737045288,0.8050105571746826,0.8066000938415527,0.8167434334754944,0.27838218212127686,0.28285592794418335,0.28145480155944824,0.27950751781463623,0.29582521319389343,,,,,,,,,,,,,,,,,,,,,,,,,,,,,,,,,,,,,,,
15,4899,,,,,,,,,,,,,,,,,,,,,,,8.665536734042689e-05,8.665536734042689e-05,2.8011904760205653e-06,,,,,,,,,,,,,,,,,,,,,,,,,,,,,,,,,,,,
15,4949,,,,,,,,,,,,,,,,,,,,,,,8.637634164188057e-05,8.637634164188057e-05,2.7921705623157322e-06,,,,,,,,,,,,,,,,,,,,,,,,,,,,,,,,,,,,
15,4999,,,,,,,,,,,,,,,,,,,,,,,8.609488577349111e-05,8.609488577349111e-05,2.7830724320665468e-06,,,,,,,,,,,,,,,,,,,,,,,,,,,,,,,,,,,,
15,5049,,,,,,,,,,,,,,,,,,,,,,,8.581102883908898e-05,8.581102883908898e-05,2.7738965400203597e-06,,,,,,,,,,,,,,,,,,,,,,,,,,,,,,,,,,,,
15,5099,,,,,,,,,,,,,,,,,,,,,,,8.552478539058939e-05,8.552478539058939e-05,2.7646435682981974e-06,,,,,,,,,,,,,,,,,,,,,,,,,,,,,,,,,,,,
15,5149,,,,,,,,,,,,,,,,,,,,,,,8.52361845318228e-05,8.52361845318228e-05,2.755314199021086e-06,,,,,,,,,,,,,,,,,,,,,,,,,,,,,,,,,,,,
15,5183,,,,,,,,,,,,,,,,,,,,,,,,,,0.34937313199043274,0.2083349972963333,0.24089474976062775,0.1397678554058075,0.584254264831543,284.1633605957031,296.6534729003906,290.9208068847656,274.320556640625,296.695556640625,27.723024368286133,0.5865150094032288,0.2477014809846878,0.5076109766960144,8.992502212524414,0.05657263472676277,0.05704677850008011,0.056964121758937836,0.05688128620386124,0.05905880779027939,0.8588296175003052,0.8637856841087341,0.8587790727615356,0.8615186810493469,0.86418217420578,0.3248414397239685,0.32305601239204407,0.32383275032043457,0.32314398884773254,0.3315209150314331,0.5701665282249451,0.23459269106388092,0.1383490115404129,0.49769535660743713,0.5611521005630493,0.6143630146980286
15,5183,3839.4521484375,3895.1171875,3871.111083984375,3827.66357421875,3896.53466796875,20.505813598632812,8.022077560424805,0.046813998371362686,0.0478312186896801,0.047282252460718155,0.04686597362160683,0.05053230747580528,0.8002221584320068,0.810812771320343,0.80171799659729,0.801218569278717,0.8121092319488525,0.27563369274139404,0.2791517376899719,0.27750974893569946,0.2758669853210449,0.2915189862251282,,,,,,,,,,,,,,,,,,,,,,,,,,,,,,,,,,,,,,,
16,5199,,,,,,,,,,,,,,,,,,,,,,,8.494522626278922e-05,8.494522626278922e-05,2.7459091143100522e-06,,,,,,,,,,,,,,,,,,,,,,,,,,,,,,,,,,,,
16,5249,,,,,,,,,,,,,,,,,,,,,,,8.465195423923433e-05,8.465195423923433e-05,2.7364287689124467e-06,,,,,,,,,,,,,,,,,,,,,,,,,,,,,,,,,,,,
16,5299,,,,,,,,,,,,,,,,,,,,,,,8.435636846115813e-05,8.435636846115813e-05,2.7268738449492957e-06,,,,,,,,,,,,,,,,,,,,,,,,,,,,,,,,,,,,
16,5349,,,,,,,,,,,,,,,,,,,,,,,8.405849803239107e-05,8.405849803239107e-05,2.7172450245416258e-06,,,,,,,,,,,,,,,,,,,,,,,,,,,,,,,,,,,,
16,5399,,,,,,,,,,,,,,,,,,,,,,,8.3758364780806e-05,8.3758364780806e-05,2.707542989810463e-06,,,,,,,,,,,,,,,,,,,,,,,,,,,,,,,,,,,,
16,5449,,,,,,,,,,,,,,,,,,,,,,,8.345598325831816e-05,8.345598325831816e-05,2.6977681955031585e-06,,,,,,,,,,,,,,,,,,,,,,,,,,,,,,,,,,,,
16,5499,,,,,,,,,,,,,,,,,,,,,,,8.315137529280037e-05,8.315137529280037e-05,2.687921551114414e-06,,,,,,,,,,,,,,,,,,,,,,,,,,,,,,,,,,,,
16,5507,,,,,,,,,,,,,,,,,,,,,,,,,,0.3563874363899231,0.21449245512485504,0.24230819940567017,0.13839472830295563,0.5801283121109009,276.4727783203125,296.59405517578125,280.57672119140625,263.38861083984375,296.695556640625,27.68893051147461,0.5794364809989929,0.24358056485652924,0.5016923546791077,8.890609741210938,0.055706776678562164,0.056714676320552826,0.05619864538311958,0.0555996336042881,0.0585053414106369,0.8508269190788269,0.8575366735458374,0.8503628969192505,0.8507812023162842,0.8517972230911255,0.3190552294254303,0.32105448842048645,0.3196462392807007,0.31832730770111084,0.3297575116157532,0.5648321509361267,0.23789569735527039,0.15170055627822876,0.5013666152954102,0.556406557559967,0.6091820001602173
16,5507,3804.280029296875,3895.0,3862.100341796875,3746.96484375,3896.546630859375,19.548215866088867,7.9117431640625,0.04618890956044197,0.04705724120140076,0.04672178626060486,0.04637223109602928,0.04990590736269951,0.7872530221939087,0.7989242076873779,0.7887926697731018,0.7874698042869568,0.7993985414505005,0.2724575102329254,0.2757243514060974,0.27438056468963623,0.27313122153282166,0.2886413037776947,,,,,,,,,,,,,,,,,,,,,,,,,,,,,,,,,,,,,,,
17,5549,,,,,,,,,,,,,,,,,,,,,,,8.284456271212548e-05,8.284456271212548e-05,2.6780037387652555e-06,,,,,,,,,,,,,,,,,,,,,,,,,,,,,,,,,,,,
17,5599,,,,,,,,,,,,,,,,,,,,,,,8.253557462012395e-05,8.253557462012395e-05,2.6680152132030344e-06,,,,,,,,,,,,,,,,,,,,,,,,,,,,,,,,,,,,
17,5649,,,,,,,,,,,,,,,,,,,,,,,8.222441101679578e-05,8.222441101679578e-05,2.657956883922452e-06,,,,,,,,,,,,,,,,,,,,,,,,,,,,,,,,,,,,
17,5699,,,,,,,,,,,,,,,,,,,,,,,8.191111555788666e-05,8.191111555788666e-05,2.6478292056708597e-06,,,,,,,,,,,,,,,,,,,,,,,,,,,,,,,,,,,,
17,5749,,,,,,,,,,,,,,,,,,,,,,,8.15956955193542e-05,8.15956955193542e-05,2.637633087942959e-06,,,,,,,,,,,,,,,,,,,,,,,,,,,,,,,,,,,,
17,5799,,,,,,,,,,,,,,,,,,,,,,,8.127817272907123e-05,8.127817272907123e-05,2.6273689854861004e-06,,,,,,,,,,,,,,,,,,,,,,,,,,,,,,,,,,,,
17,5831,,,,,,,,,,,,,,,,,,,,,,,,,,0.3450934886932373,0.21377670764923096,0.2400519996881485,0.13058115541934967,0.5774096846580505,271.7747497558594,295.20050048828125,281.56683349609375,259.4208068847656,296.695556640625,27.542551040649414,0.5744397640228271,0.2412491738796234,0.50115966796875,8.984362602233887,0.05709138885140419,0.058109454810619354,0.05772584676742554,0.05739448219537735,0.05929315835237503,0.8510097861289978,0.8559661507606506,0.8536171317100525,0.8532437086105347,0.8534435033798218,0.32376089692115784,0.3266069293022156,0.3264662027359009,0.32487788796424866,0.33279332518577576,0.5611007213592529,0.232375830411911,0.13667024672031403,0.4957800507545471,0.5458000302314758,0.6151190996170044
17,5831,3745.918701171875,3893.74853515625,3832.408935546875,3689.2431640625,3896.553955078125,18.713512420654297,7.890384674072266,0.04619646072387695,0.04746437817811966,0.046693164855241776,0.04634789377450943,0.05061490461230278,0.7839887142181396,0.7931892275810242,0.786011278629303,0.7846851348876953,0.7949080467224121,0.2708234488964081,0.27595528960227966,0.27262961864471436,0.2712729871273041,0.28982746601104736,,,,,,,,,,,,,,,,,,,,,,,,,,,,,,,,,,,,,,,
18,5849,,,,,,,,,,,,,,,,,,,,,,,8.095857629086822e-05,8.095857629086822e-05,2.6170378077949863e-06,,,,,,,,,,,,,,,,,,,,,,,,,,,,,,,,,,,,
18,5899,,,,,,,,,,,,,,,,,,,,,,,8.06369207566604e-05,8.06369207566604e-05,2.6066400096169673e-06,,,,,,,,,,,,,,,,,,,,,,,,,,,,,,,,,,,,
18,5949,,,,,,,,,,,,,,,,,,,,,,,8.031322795432061e-05,8.031322795432061e-05,2.5961767278204206e-06,,,,,,,,,,,,,,,,,,,,,,,,,,,,,,,,,,,,
18,5999,,,,,,,,,,,,,,,,,,,,,,,7.99875269876793e-05,7.99875269876793e-05,2.5856479624053463e-06,,,,,,,,,,,,,,,,,,,,,,,,,,,,,,,,,,,,
18,6049,,,,,,,,,,,,,,,,,,,,,,,7.965983240865171e-05,7.965983240865171e-05,2.575055077613797e-06,,,,,,,,,,,,,,,,,,,,,,,,,,,,,,,,,,,,
18,6099,,,,,,,,,,,,,,,,,,,,,,,7.933016604511067e-05,7.933016604511067e-05,2.5643985281931236e-06,,,,,,,,,,,,,,,,,,,,,,,,,,,,,,,,,,,,
18,6149,,,,,,,,,,,,,,,,,,,,,,,7.899855700088665e-05,7.899855700088665e-05,2.5536789962643525e-06,,,,,,,,,,,,,,,,,,,,,,,,,,,,,,,,,,,,
18,6155,,,,,,,,,,,,,,,,,,,,,,,,,,0.3474915325641632,0.22581472992897034,0.23618777096271515,0.12736140191555023,0.583090603351593,250.9604034423828,257.8651123046875,267.1274719238281,254.1460418701172,296.695556640625,27.949581146240234,0.5748335719108582,0.24089524149894714,0.49602383375167847,8.925890922546387,0.05664099007844925,0.05659543350338936,0.05651189014315605,0.05674213916063309,0.05771266669034958,0.84956955909729,0.8623397946357727,0.8545066118240356,0.849600076675415,0.8489404916763306,0.3220634162425995,0.32278892397880554,0.32203438878059387,0.3232923746109009,0.32978153228759766,0.5558700561523438,0.23421385884284973,0.15017738938331604,0.4837146997451782,0.5620153546333313,0.6065437197685242
18,6155,3707.53173828125,3875.120849609375,3821.21484375,3697.24267578125,3896.5400390625,17.849178314208984,7.809594631195068,0.045543838292360306,0.04672751575708389,0.046091657131910324,0.045714836567640305,0.049602095037698746,0.7767932415008545,0.7874652743339539,0.7768357396125793,0.7763978838920593,0.7877798676490784,0.2684791386127472,0.2731362283229828,0.2709749937057495,0.2692962884902954,0.2860734462738037,,,,,,,,,,,,,,,,,,,,,,,,,,,,,,,,,,,,,,,
19,6199,,,,,,,,,,,,,,,,,,,,,,,7.866501982789487e-05,7.866501982789487e-05,2.5428973913221853e-06,,,,,,,,,,,,,,,,,,,,,,,,,,,,,,,,,,,,
19,6249,,,,,,,,,,,,,,,,,,,,,,,7.832958362996578e-05,7.832958362996578e-05,2.532054168113973e-06,,,,,,,,,,,,,,,,,,,,,,,,,,,,,,,,,,,,
19,6299,,,,,,,,,,,,,,,,,,,,,,,7.799227023497224e-05,7.799227023497224e-05,2.5211502361344174e-06,,,,,,,,,,,,,,,,,,,,,,,,,,,,,,,,,,,,
19,6349,,,,,,,,,,,,,,,,,,,,,,,7.765310147078708e-05,7.765310147078708e-05,2.5101862775045447e-06,,,,,,,,,,,,,,,,,,,,,,,,,,,,,,,,,,,,
19,6399,,,,,,,,,,,,,,,,,,,,,,,7.731209188932553e-05,7.731209188932553e-05,2.4991629743453814e-06,,,,,,,,,,,,,,,,,,,,,,,,,,,,,,,,,,,,
19,6449,,,,,,,,,,,,,,,,,,,,,,,7.696927787037566e-05,7.696927787037566e-05,2.4880814635253046e-06,,,,,,,,,,,,,,,,,,,,,,,,,,,,,,,,,,,,
19,6479,,,,,,,,,,,,,,,,,,,,,,,,,,0.34440115094184875,0.2180543690919876,0.23346111178398132,0.1284797489643097,0.5751797556877136,221.65965270996094,293.3094177246094,256.4839172363281,214.94554138183594,296.695556640625,27.415912628173828,0.5734450221061707,0.2395065277814865,0.48791393637657166,9.109524726867676,0.056732144206762314,0.05741218477487564,0.05674475431442261,0.05696409195661545,0.05865275859832764,0.8837043046951294,0.8882076740264893,0.8856979012489319,0.8875023722648621,0.8751806020736694,0.3241148591041565,0.3254625201225281,0.32391157746315,0.3238101005554199,0.3310527503490448,0.5479130148887634,0.23109909892082214,0.14180061221122742,0.4912883937358856,0.538439154624939,0.6218591332435608
19,6479,3697.100341796875,3870.706787109375,3818.8681640625,3745.416748046875,3896.5517578125,16.83245277404785,7.747775077819824,0.045326732099056244,0.04629523679614067,0.04576120153069496,0.045499805361032486,0.04914801940321922,0.766314685344696,0.7805551290512085,0.7678912878036499,0.7665967345237732,0.782760500907898,0.26787281036376953,0.27127909660339355,0.26957058906555176,0.26851391792297363,0.2845160961151123,,,,,,,,,,,,,,,,,,,,,,,,,,,,,,,,,,,,,,,
20,6499,,,,,,,,,,,,,,,,,,,,,,,7.662467396585271e-05,7.662467396585271e-05,2.4769419724179897e-06,,,,,,,,,,,,,,,,,,,,,,,,,,,,,,,,,,,,
20,6549,,,,,,,,,,,,,,,,,,,,,,,7.627830927958712e-05,7.627830927958712e-05,2.4657454105181387e-06,,,,,,,,,,,,,,,,,,,,,,,,,,,,,,,,,,,,
20,6599,,,,,,,,,,,,,,,,,,,,,,,7.593020563945174e-05,7.593020563945174e-05,2.4544924599467777e-06,,,,,,,,,,,,,,,,,,,,,,,,,,,,,,,,,,,,
20,6649,,,,,,,,,,,,,,,,,,,,,,,7.55803775973618e-05,7.55803775973618e-05,2.443184257572284e-06,,,,,,,,,,,,,,,,,,,,,,,,,,,,,,,,,,,,
20,6699,,,,,,,,,,,,,,,,,,,,,,,7.522886153310537e-05,7.522886153310537e-05,2.4318212581420084e-06,,,,,,,,,,,,,,,,,,,,,,,,,,,,,,,,,,,,
20,6749,,,,,,,,,,,,,,,,,,,,,,,7.487567199859768e-05,7.487567199859768e-05,2.4204041437769774e-06,,,,,,,,,,,,,,,,,,,,,,,,,,,,,,,,,,,,
20,6799,,,,,,,,,,,,,,,,,,,,,,,7.452083809766918e-05,7.452083809766918e-05,2.408934051345568e-06,,,,,,,,,,,,,,,,,,,,,,,,,,,,,,,,,,,,
20,6803,,,,,,,,,,,,,,,,,,,,,,,,,,0.33962738513946533,0.2292281836271286,0.23644663393497467,0.12521591782569885,0.5853378772735596,229.2017364501953,292.2747497558594,249.767333984375,221.93936157226562,296.6943054199219,26.405195236206055,0.5655807256698608,0.23683060705661774,0.4968487322330475,9.042929649353027,0.05662129819393158,0.05660521239042282,0.056424371898174286,0.0565180629491806,0.05806656926870346,0.873029887676239,0.8796855211257935,0.8755701780319214,0.87544846534729,0.8723629713058472,0.32383978366851807,0.32350847125053406,0.32272210717201233,0.32306262850761414,0.3296932578086853,0.5591576099395752,0.23262952268123627,0.14636678993701935,0.48909875750541687,0.5479608178138733,0.6312294602394104
20,6803,3601.673583984375,3888.73291015625,3783.49267578125,3565.822509765625,3896.523193359375,16.346954345703125,7.631141185760498,0.044763416051864624,0.04545251652598381,0.04504851624369621,0.044838834553956985,0.04825599119067192,0.7527507543563843,0.7683952450752258,0.7559905052185059,0.7539319396018982,0.7738044261932373,0.26474204659461975,0.2671372592449188,0.2657262682914734,0.2649277448654175,0.2797030806541443,,,,,,,,,,,,,,,,,,,,,,,,,,,,,,,,,,,,,,,
21,6849,,,,,,,,,,,,,,,,,,,,,,,7.416438893415034e-05,7.416438893415034e-05,2.3974114355951315e-06,,,,,,,,,,,,,,,,,,,,,,,,,,,,,,,,,,,,
21,6899,,,,,,,,,,,,,,,,,,,,,,,7.380633178399876e-05,7.380633178399876e-05,2.3858369786466938e-06,,,,,,,,,,,,,,,,,,,,,,,,,,,,,,,,,,,,
21,6949,,,,,,,,,,,,,,,,,,,,,,,7.344670302700251e-05,7.344670302700251e-05,2.374211817368632e-06,,,,,,,,,,,,,,,,,,,,,,,,,,,,,,,,,,,,
21,6999,,,,,,,,,,,,,,,,,,,,,,,7.308553176699206e-05,7.308553176699206e-05,2.362536633881973e-06,,,,,,,,,,,,,,,,,,,,,,,,,,,,,,,,,,,,
21,7049,,,,,,,,,,,,,,,,,,,,,,,7.272282527992502e-05,7.272282527992502e-05,2.350812110307743e-06,,,,,,,,,,,,,,,,,,,,,,,,,,,,,,,,,,,,
21,7099,,,,,,,,,,,,,,,,,,,,,,,7.235862722154707e-05,7.235862722154707e-05,2.339039156140643e-06,,,,,,,,,,,,,,,,,,,,,,,,,,,,,,,,,,,,
21,7127,,,,,,,,,,,,,,,,,,,,,,,,,,0.3283710181713104,0.21881918609142303,0.22293312847614288,0.12097353488206863,0.5756961703300476,226.017333984375,288.2598876953125,260.0024719238281,228.23391723632812,296.695556640625,27.774513244628906,0.5638644099235535,0.23632346093654633,0.4949903190135956,9.105657577514648,0.05781509354710579,0.05792995169758797,0.058355558663606644,0.05774692818522453,0.059402115643024445,0.8782577514648438,0.8857600688934326,0.8744574785232544,0.8782469034194946,0.8774322867393494,0.32508212327957153,0.32326170802116394,0.32528039813041687,0.3238260746002197,0.33017632365226746,0.5461117625236511,0.2227742224931717,0.1372852623462677,0.49446535110473633,0.523642897605896,0.6433795094490051
21,7127,3460.44287109375,3870.390380859375,3736.81396484375,3461.435302734375,3896.55517578125,15.452211380004883,7.576397895812988,0.044299155473709106,0.04510498046875,0.04468560218811035,0.0444641038775444,0.0480782575905323,0.7451723217964172,0.7613179683685303,0.7479004859924316,0.7457885146141052,0.7679494023323059,0.26319533586502075,0.2663046419620514,0.26482728123664856,0.26371368765830994,0.27951574325561523,,,,,,,,,,,,,,,,,,,,,,,,,,,,,,,,,,,,,,,
22,7149,,,,,,,,,,,,,,,,,,,,,,,7.199295214377344e-05,7.199295214377344e-05,2.327218226128025e-06,,,,,,,,,,,,,,,,,,,,,,,,,,,,,,,,,,,,
22,7199,,,,,,,,,,,,,,,,,,,,,,,7.162582187447697e-05,7.162582187447697e-05,2.315350684511941e-06,,,,,,,,,,,,,,,,,,,,,,,,,,,,,,,,,,,,
22,7249,,,,,,,,,,,,,,,,,,,,,,,7.125726551748812e-05,7.125726551748812e-05,2.3034367586660665e-06,,,,,,,,,,,,,,,,,,,,,,,,,,,,,,,,,,,,
22,7299,,,,,,,,,,,,,,,,,,,,,,,7.088731217663735e-05,7.088731217663735e-05,2.2914778128324542e-06,,,,,,,,,,,,,,,,,,,,,,,,,,,,,,,,,,,,
22,7349,,,,,,,,,,,,,,,,,,,,,,,7.051597640383989e-05,7.051597640383989e-05,2.2794740743847797e-06,,,,,,,,,,,,,,,,,,,,,,,,,,,,,,,,,,,,
22,7399,,,,,,,,,,,,,,,,,,,,,,,7.014328730292618e-05,7.014328730292618e-05,2.2674269075650955e-06,,,,,,,,,,,,,,,,,,,,,,,,,,,,,,,,,,,,
22,7449,,,,,,,,,,,,,,,,,,,,,,,6.976928125368431e-05,6.976928125368431e-05,2.2553367671207525e-06,,,,,,,,,,,,,,,,,,,,,,,,,,,,,,,,,,,,
22,7451,,,,,,,,,,,,,,,,,,,,,,,,,,0.3423766791820526,0.2222304344177246,0.23322118818759918,0.13135075569152832,0.5825885534286499,193.3539581298828,254.69430541992188,199.3452911376953,185.44801330566406,296.695556640625,27.672447204589844,0.5563018918037415,0.23224703967571259,0.5082336664199829,9.071675300598145,0.057330526411533356,0.05736466497182846,0.057289499789476395,0.05724901333451271,0.05924897640943527,0.8736218214035034,0.8820203542709351,0.8691982626914978,0.8732995390892029,0.8732048273086548,0.32476648688316345,0.3230946958065033,0.324565589427948,0.3239612281322479,0.33257025480270386,0.5555140972137451,0.23229476809501648,0.1494368016719818,0.49786999821662903,0.5627524256706238,0.6042269468307495
22,7451,3492.827880859375,3840.7890625,3687.396484375,3557.642822265625,3896.528076171875,14.614510536193848,7.539546966552734,0.044034797698259354,0.04506630077958107,0.044632118195295334,0.04424382373690605,0.04809970036149025,0.7402823567390442,0.756130576133728,0.7409501075744629,0.7403508424758911,0.7634761333465576,0.26200568675994873,0.26577359437942505,0.2643281817436218,0.26276135444641113,0.2791198790073395,,,,,,,,,,,,,,,,,,,,,,,,,,,,,,,,,,,,,,,
23,7499,,,,,,,,,,,,,,,,,,,,,,,6.939396553207189e-05,6.939396553207189e-05,2.2432045625464525e-06,,,,,,,,,,,,,,,,,,,,,,,,,,,,,,,,,,,,
23,7549,,,,,,,,,,,,,,,,,,,,,,,6.901737651787698e-05,6.901737651787698e-05,2.231030975963222e-06,,,,,,,,,,,,,,,,,,,,,,,,,,,,,,,,,,,,
23,7599,,,,,,,,,,,,,,,,,,,,,,,6.863954331493005e-05,6.863954331493005e-05,2.2188171442394378e-06,,,,,,,,,,,,,,,,,,,,,,,,,,,,,,,,,,,,
23,7649,,,,,,,,,,,,,,,,,,,,,,,6.826047319918871e-05,6.826047319918871e-05,2.2065637494961265e-06,,,,,,,,,,,,,,,,,,,,,,,,,,,,,,,,,,,,
23,7699,,,,,,,,,,,,,,,,,,,,,,,6.788021710235626e-05,6.788021710235626e-05,2.1942714738543145e-06,,,,,,,,,,,,,,,,,,,,,,,,,,,,,,,,,,,,
23,7749,,,,,,,,,,,,,,,,,,,,,,,6.749877502443269e-05,6.749877502443269e-05,2.1819412268087035e-06,,,,,,,,,,,,,,,,,,,,,,,,,,,,,,,,,,,,
23,7775,,,,,,,,,,,,,,,,,,,,,,,,,,0.3207249939441681,0.20829671621322632,0.21763379871845245,0.11314187198877335,0.5655761957168579,203.92202758789062,257.15966796875,222.19554138183594,207.36138916015625,296.695556640625,28.916046142578125,0.5557664036750793,0.23142112791538239,0.5059718489646912,9.245708465576172,0.05818567052483559,0.05889691039919853,0.05853179469704628,0.05797997862100601,0.059993233531713486,0.8995071053504944,0.9035601615905762,0.8948062062263489,0.9035806655883789,0.8900958299636841,0.3265967071056366,0.32785531878471375,0.3275284469127655,0.3268830180168152,0.3342483937740326,0.5233123898506165,0.2149493396282196,0.13752858340740204,0.4977467358112335,0.5257694125175476,0.6208891272544861
23,7775,3410.2333984375,3791.273193359375,3592.41357421875,3446.8818359375,3896.541015625,13.621052742004395,7.414793491363525,0.04327419400215149,0.04407195374369621,0.043662428855895996,0.04338392615318298,0.04724258929491043,0.7256484031677246,0.7459566593170166,0.7289937138557434,0.7265806794166565,0.7538193464279175,0.25816941261291504,0.2610059082508087,0.2598189115524292,0.2587064206600189,0.2751060426235199,,,,,,,,,,,,,,,,,,,,,,,,,,,,,,,,,,,,,,,
24,7799,,,,,,,,,,,,,,,,,,,,,,,6.711619789712131e-05,6.711619789712131e-05,2.1695741452276707e-06,,,,,,,,,,,,,,,,,,,,,,,,,,,,,,,,,,,,
24,7849,,,,,,,,,,,,,,,,,,,,,,,6.673248572042212e-05,6.673248572042212e-05,2.1571704564848915e-06,,,,,,,,,,,,,,,,,,,,,,,,,,,,,,,,,,,,
24,7899,,,,,,,,,,,,,,,,,,,,,,,6.634768942603841e-05,6.634768942603841e-05,2.1447315248224186e-06,,,,,,,,,,,,,,,,,,,,,,,,,,,,,,,,,,,,
24,7949,,,,,,,,,,,,,,,,,,,,,,,6.596181628992781e-05,6.596181628992781e-05,2.1322580323612783e-06,,,,,,,,,,,,,,,,,,,,,,,,,,,,,,,,,,,,
24,7999,,,,,,,,,,,,,,,,,,,,,,,6.557490269187838e-05,6.557490269187838e-05,2.119750661222497e-06,,,,,,,,,,,,,,,,,,,,,,,,,,,,,,,,,,,,
24,8049,,,,,,,,,,,,,,,,,,,,,,,6.518696318380535e-05,6.518696318380535e-05,2.107210548274452e-06,,,,,,,,,,,,,,,,,,,,,,,,,,,,,,,,,,,,
24,8099,,,,,,,,,,,,,,,,,,,,,,,6.47980414214544e-05,6.47980414214544e-05,2.094638148264494e-06,,,,,,,,,,,,,,,,,,,,,,,,,,,,,,,,,,,,
24,8099,,,,,,,,,,,,,,,,,,,,,,,,,,0.33302387595176697,0.21004687249660492,0.22566117346286774,0.12049904465675354,0.5790740251541138,221.3539581298828,255.09652709960938,227.19430541992188,218.8242645263672,296.695556640625,26.375749588012695,0.5474054217338562,0.22640031576156616,0.49498093128204346,9.182937622070312,0.05751733109354973,0.05823509767651558,0.05764743685722351,0.0576728917658329,0.059526003897190094,0.893963634967804,0.8971306085586548,0.8926523923873901,0.8928750157356262,0.8879125714302063,0.3246314525604248,0.3258128762245178,0.3241950273513794,0.32496434450149536,0.3331013023853302,0.5354042053222656,0.2223077416419983,0.144809290766716,0.49092429876327515,0.5469499826431274,0.620091438293457
24,8099,3258.7275390625,3759.17822265625,3569.888916015625,3409.410400390625,3896.53857421875,12.827839851379395,7.338613033294678,0.04256632924079895,0.04348716884851456,0.04305082559585571,0.042717866599559784,0.04654107987880707,0.7153775691986084,0.7359083294868469,0.7192491888999939,0.7166939377784729,0.7462329268455505,0.25677329301834106,0.2599153220653534,0.2584801912307739,0.25747668743133545,0.2740212678909302,,,,,,,,,,,,,,,,,,,,,,,,,,,,,,,,,,,,,,,
